province,grain_code,cgc_class,cgc_variety,variety,acres,year
Alberta,Wheat,CNHR,AAC CONCORD,AAC CONCORD,1009,2019
Alberta,Wheat,CNHR,AC CRYSTAL,AC CRYSTAL,2613,2019
Alberta,Wheat,CNHR,AC FOREMOST,AC FOREMOST,26960,2019
Alberta,Wheat,CNHR,COLUMBUS,COLUMBUS,95,2019
Alberta,Wheat,CNHR,CONQUER,CONQUER,2175,2019
Alberta,Wheat,CNHR,FALLER,FALLER,1470,2019
Alberta,Wheat,CNHR,HARVEST,HARVEST,1196,2019
Alberta,Wheat,CNHR,KANE,KANE,148,2019
Alberta,Wheat,CNHR,KATEPWA,KATEPWA,182,2019
Alberta,Wheat,CNHR,LILLIAN,LILLIAN,2028,2019
Alberta,Wheat,CNHR,OSLO,OSLO,4376,2019
Alberta,Wheat,CPS,5700PR,5700PR,52595,2019
Alberta,Wheat,CPS,5701PR,5701PR,3982,2019
Alberta,Wheat,CPS,5702PR,5702PR,3704,2019
Alberta,Wheat,CPS,AAC CROSSFIELD,AAC CROSSFIELD,30071,2019
Alberta,Wheat,CPS,AAC CRUSADER,AAC CRUSADER,70,2019
Alberta,Wheat,CPS,AAC ENTICE,AAC ENTICE,5016,2019
Alberta,Wheat,CPS,AAC FORAY,AAC FORAY,23865,2019
Alberta,Wheat,CPS,AAC GOODWIN,AAC GOODWIN,6162,2019
Alberta,Wheat,CPS,AAC PENHOLD,AAC PENHOLD,282193,2019
Alberta,Wheat,CPS,AAC RYLEY,AAC RYLEY,10309,2019
Alberta,Wheat,CPS,CDC TERRAIN,CDC TERRAIN,195,2019
Alberta,Wheat,CPS,ENCHANT,ENCHANT,100,2019
Alberta,Wheat,CPS,SY ROWYN,SY ROWYN,17120,2019
Alberta,Wheat,CPS,SY985,SY 985,637,2019
Alberta,Wheat,CWES,BLUESKY,BLUESKY,290,2019
Alberta,Wheat,CWHWS,AAC ICEBERG,AAC ICEBERG,1110,2019
Alberta,Wheat,CWHWS,SNOWBIRD,SNOWBIRD,1733,2019
Alberta,Wheat,CWHWS,WHITEHAWK,WHITEHAWK,320,2019
Alberta,Wheat,CWRS,5500HR,5500HR,119,2019
Alberta,Wheat,CWRS,5600HR,5600HR,135,2019
Alberta,Wheat,CWRS,5604HR CL,5604HR CL,9964,2019
Alberta,Wheat,CWRS,5605HR CL,5605HR CL,16286,2019
Alberta,Wheat,CWRS,AAC ALIDA,AAC ALIDA,195,2019
Alberta,Wheat,CWRS,AAC BAILEY,AAC BAILEY,2399,2019
Alberta,Wheat,CWRS,AAC BRANDON,AAC BRANDON,1344016,2019
Alberta,Wheat,CWRS,AAC CAMERON,AAC CAMERON,14109,2019
Alberta,Wheat,CWRS,AAC CONNERY,AAC CONNERY,128458,2019
Alberta,Wheat,CWRS,AAC ELIE,AAC ELIE,418002,2019
Alberta,Wheat,CWRS,AAC LEROY,AAC LEROY,115,2019
Alberta,Wheat,CWRS,AAC REDBERRY,AAC REDBERRY,50715,2019
Alberta,Wheat,CWRS,AAC REDWATER,AAC REDWATER,105893,2019
Alberta,Wheat,CWRS,AAC STARBUCK,AAC STARBUCK,306,2019
Alberta,Wheat,CWRS,AAC TISDALE,AAC TISDALE,678,2019
Alberta,Wheat,CWRS,AAC VIEWFIELD,AAC VIEWFIELD,316931,2019
Alberta,Wheat,CWRS,AAC WARMAN,AAC WARMAN,632,2019
Alberta,Wheat,CWRS,AAC WHEATLAND,AAC WHEATLAND,278,2019
Alberta,Wheat,CWRS,AC BARRIE,AC BARRIE,3826,2019
Alberta,Wheat,CWRS,AC CADILLAC,AC CADILLAC,5885,2019
Alberta,Wheat,CWRS,AC ELSA,AC ELSA,2087,2019
Alberta,Wheat,CWRS,AC INTREPID,AC INTREPID,8098,2019
Alberta,Wheat,CWRS,AC SPLENDOR,AC SPLENDOR,8432,2019
Alberta,Wheat,CWRS,CARBERRY,CARBERRY,106151,2019
Alberta,Wheat,CWRS,CARDALE,CARDALE,18497,2019
Alberta,Wheat,CWRS,CDC ABOUND,CDC ABOUND,159741,2019
Alberta,Wheat,CWRS,CDC ADAMANT,CDC ADAMANT,3577,2019
Alberta,Wheat,CWRS,CDC ALSASK,CDC ALSASK,7271,2019
Alberta,Wheat,CWRS,CDC BOUNTY,CDC BOUNTY,3217,2019
Alberta,Wheat,CWRS,CDC BRADWELL,CDC BRADWELL,1844,2019
Alberta,Wheat,CWRS,CDC GO,CDC GO,290141,2019
Alberta,Wheat,CWRS,CDC HUGHES,CDC HUGHES,25064,2019
Alberta,Wheat,CWRS,CDC IMAGINE,CDC IMAGINE,7322,2019
Alberta,Wheat,CWRS,CDC KERNEN,CDC KERNEN,120,2019
Alberta,Wheat,CWRS,CDC LANDMARK,CDC LANDMARK,61747,2019
Alberta,Wheat,CWRS,CDC PLENTIFUL,CDC PLENTIFUL,140542,2019
Alberta,Wheat,CWRS,CDC STANLEY,CDC STANLEY,152133,2019
Alberta,Wheat,CWRS,CDC TEAL,CDC TEAL,6813,2019
Alberta,Wheat,CWRS,CDC THRIVE,CDC THRIVE,2387,2019
Alberta,Wheat,CWRS,CDC TITANIUM,CDC TITANIUM,23116,2019
Alberta,Wheat,CWRS,CDC UTMOST,CDC UTMOST,91760,2019
Alberta,Wheat,CWRS,CDC VR MORRIS,CDC VR MORRIS,13421,2019
Alberta,Wheat,CWRS,COLEMAN,COLEMAN,520,2019
Alberta,Wheat,CWRS,ELLERSLIE,ELLERSLIE,59,2019
Alberta,Wheat,CWRS,GLENN,GLENN,33587,2019
Alberta,Wheat,CWRS,GO EARLY,GO EARLY,8982,2019
Alberta,Wheat,CWRS,GOODEVE,GOODEVE,3348,2019
Alberta,Wheat,CWRS,INFINITY,INFINITY,435,2019
Alberta,Wheat,CWRS,JAKE,JAKE,79,2019
Alberta,Wheat,CWRS,JOURNEY,JOURNEY,1482,2019
Alberta,Wheat,CWRS,LAURA,LAURA,1424,2019
Alberta,Wheat,CWRS,MUCHMORE,MUCHMORE,166482,2019
Alberta,Wheat,CWRS,PARATA,PARATA,1144,2019
Alberta,Wheat,CWRS,PRODIGY,PRODIGY,2158,2019
Alberta,Wheat,CWRS,REDNET,REDNET,236,2019
Alberta,Wheat,CWRS,ROBLIN,ROBLIN,9162,2019
Alberta,Wheat,CWRS,SHAW,SHAW,22914,2019
Alberta,Wheat,CWRS,SHEBA,SHEBA,130,2019
Alberta,Wheat,CWRS,SOMERSET,SOMERSET,140,2019
Alberta,Wheat,CWRS,STETTLER,STETTLER,379072,2019
Alberta,Wheat,CWRS,SUPERB,SUPERB,30925,2019
Alberta,Wheat,CWRS,SY 433,SY 433,315,2019
Alberta,Wheat,CWRS,SY CHERT,SY CHERT,481,2019
Alberta,Wheat,CWRS,SY GABBRO,SY GABBRO,217,2019
Alberta,Wheat,CWRS,SY SLATE,SY SLATE,1815,2019
Alberta,Wheat,CWRS,SY SOVITE,SY SOVITE,1385,2019
Alberta,Wheat,CWRS,SY479 VB,SY 479VB,300,2019
Alberta,Wheat,CWRS,THORSBY,THORSBY,35592,2019
Alberta,Wheat,CWRS,TRACKER,TRACKER,52,2019
Alberta,Wheat,CWRS,WASKADA,WASKADA,229,2019
Alberta,Wheat,CWRS,WR859 CL,WR859 CL,1212,2019
Alberta,Wheat,CWRS,ZEALAND,ZEALAND,320,2019
Alberta,Wheat,CWRW,AAC ELEVATE,AAC ELEVATE,1501,2019
Alberta,Wheat,CWRW,AAC GATEWAY,AAC GATEWAY,14587,2019
Alberta,Wheat,CWRW,AAC GOLDRUSH,AAC GOLDRUSH,130,2019
Alberta,Wheat,CWRW,AAC WILDFIRE,AAC WILDFIRE,16552,2019
Alberta,Wheat,CWRW,CDC OSPREY,CDC OSPREY,60,2019
Alberta,Wheat,CWRW,EMERSON,EMERSON,1797,2019
Alberta,Wheat,CWRW,FLOURISH,FLOURISH,178,2019
Alberta,Wheat,CWRW,MOATS,MOATS,3959,2019
Alberta,Wheat,CWRW,NORSTAR,NORSTAR,501,2019
Alberta,Wheat,CWRW,RADIANT,RADIANT,9328,2019
Alberta,Wheat,CWSP,AAC AWESOME,AAC AWESOME,641,2019
Alberta,Wheat,CWSP,AAC NRG097,AAC NRG097,155,2019
Alberta,Wheat,CWSP,ALDERON,ALDERON,2936,2019
Alberta,Wheat,CWSP,CDC NRG003,CDC NRG003,1523,2019
Alberta,Wheat,CWSP,CHARING,CHARING,67,2019
Alberta,Wheat,CWSP,PASTEUR,PASTEUR,12416,2019
Alberta,Wheat,CWSP,PINTAIL,PINTAIL,2232,2019
Alberta,Wheat,CWSP,SPARROW,SPARROW,415,2019
Alberta,Wheat,CWSWS,AAC PARAMOUNT,AAC PARAMOUNT,4858,2019
Alberta,Wheat,CWSWS,AC ANDREW,AC ANDREW,28670,2019
Alberta,Wheat,CWSWS,AC CHIFFON,AC CHIFFON,20096,2019
Alberta,Wheat,CWSWS,AC INDUS,AC INDUS,530,2019
Alberta,Wheat,CWSWS,SADASH,SADASH,100019,2019
Alberta,Wheat,UNKNOWN CLASS,NON DESIGNATED,5400IP,692,2019
Alberta,Wheat,UNKNOWN CLASS,NON DESIGNATED,BIGGAR,675,2019
Alberta,Wheat,UNKNOWN CLASS,NON DESIGNATED,GARNET,160,2019
Alberta,Wheat,UNKNOWN CLASS,NON DESIGNATED,LNR 14-1299,237,2019
Alberta,Wheat,UNKNOWN CLASS,NON DESIGNATED,PT488,7,2019
Alberta,Wheat,UNKNOWN CLASS,NOT SPECIFIED,NOT SPECIFIED,1696,2019
Alberta,Amber Durum,CWAD,AAC CABRI,AAC CABRI,70,2019
Alberta,Amber Durum,CWAD,AAC CONGRESS,AAC CONGRESS,11310,2019
Alberta,Amber Durum,CWAD,AAC CURRENT,AAC CURRENT,816,2019
Alberta,Amber Durum,CWAD,AAC GRAINLAND,AAC GRAINLAND,70,2019
Alberta,Amber Durum,CWAD,AAC RAYMORE,AAC RAYMORE,29094,2019
Alberta,Amber Durum,CWAD,AAC SPITFIRE,AAC SPITFIRE,50739,2019
Alberta,Amber Durum,CWAD,AAC STRONGHOLD,AAC STRONGHOLD,9283,2019
Alberta,Amber Durum,CWAD,AAC SUCCEED,AAC SUCCEED,925,2019
Alberta,Amber Durum,CWAD,AC AVONLEA,AC AVONLEA,3696,2019
Alberta,Amber Durum,CWAD,AC NAVIGATOR,AC NAVIGATOR,3970,2019
Alberta,Amber Durum,CWAD,BRIGADE,BRIGADE,58225,2019
Alberta,Amber Durum,CWAD,CDC ALLOY,CDC ALLOY,22304,2019
Alberta,Amber Durum,CWAD,CDC CARBIDE,CDC CARBIDE,360,2019
Alberta,Amber Durum,CWAD,CDC DYNAMIC,CDC DYNAMIC,631,2019
Alberta,Amber Durum,CWAD,CDC FORTITUDE,CDC FORTITUDE,29988,2019
Alberta,Amber Durum,CWAD,CDC PRECISION,CDC PRECISION,45364,2019
Alberta,Amber Durum,CWAD,CDC VERONA,CDC VERONA,17765,2019
Alberta,Amber Durum,CWAD,CDC VIVID,CDC VIVID,3059,2019
Alberta,Amber Durum,CWAD,ENTERPRISE,ENTERPRISE,7815,2019
Alberta,Amber Durum,CWAD,EUROSTAR,EUROSTAR,847,2019
Alberta,Amber Durum,CWAD,KYLE,KYLE,1047,2019
Alberta,Amber Durum,CWAD,SCEPTRE,SCEPTRE,98,2019
Alberta,Amber Durum,CWAD,STRONGFIELD,STRONGFIELD,61913,2019
Alberta,Amber Durum,CWAD,TRANSCEND,TRANSCEND,172953,2019
Alberta,Amber Durum,UNKNOWN CLASS,NOT SPECIFIED,NOT SPECIFIED,172,2019
Alberta,Oat,,,7600M,430,2019
Alberta,Oat,,,AAC BULLET,85,2019
Alberta,Oat,,,AAC ORAVENA,135,2019
Alberta,Oat,,,AC JUNIPER,736,2019
Alberta,Oat,,,AC MEDALLION,35,2019
Alberta,Oat,,,AC MORGAN,151335,2019
Alberta,Oat,,,AC MUSTANG,19683,2019
Alberta,Oat,,,ATHABASCA,122,2019
Alberta,Oat,,,BRADLEY,95,2019
Alberta,Oat,,,CALIBRE,2471,2019
Alberta,Oat,,,CANMORE,53,2019
Alberta,Oat,,,CASCADE,2246,2019
Alberta,Oat,,,CDC ARBORG,434,2019
Alberta,Oat,,,CDC BALER,7785,2019
Alberta,Oat,,,CDC BIG BROWN,420,2019
Alberta,Oat,,,CDC BOYER,172,2019
Alberta,Oat,,,CDC DANCER,275,2019
Alberta,Oat,,,CDC HAYMAKER,3241,2019
Alberta,Oat,,,CDC MINSTREL,334,2019
Alberta,Oat,,,CDC MORRISON,169,2019
Alberta,Oat,,,CDC NASSER,9680,2019
Alberta,Oat,,,CDC ORRIN,440,2019
Alberta,Oat,,,CDC RUFFIAN,5257,2019
Alberta,Oat,,,CDC SEABISCUIT,923,2019
Alberta,Oat,,,CDC SO-I,8446,2019
Alberta,Oat,,,CDC SOL-FI,110,2019
Alberta,Oat,,,CS CAMDEN,29123,2019
Alberta,Oat,,,DERBY,17017,2019
Alberta,Oat,,,FOOTHILL,276,2019
Alberta,Oat,,,FURLONG,46,2019
Alberta,Oat,,,GEHL,176,2019
Alberta,Oat,,,GRIZZLY,1347,2019
Alberta,Oat,,,HARMON,292,2019
Alberta,Oat,,,HIFI,78,2019
Alberta,Oat,,,LU,72,2019
Alberta,Oat,,,MURPHY,695,2019
Alberta,Oat,,,ORE3541M,10,2019
Alberta,Oat,,,ORE3542M,2562,2019
Alberta,Oat,,,RODNEY,168,2019
Alberta,Oat,,,STRIDE,113,2019
Alberta,Oat,,,SUMMIT,810,2019
Alberta,Oat,,,TRIACTOR,68,2019
Alberta,Oat,,,VICTORY,522,2019
Alberta,Oat,,,WALDERN,3862,2019
Alberta,Oat,,NOT SPECIFIED,NOT SPECIFIED,1766,2019
Alberta,Barley,CW_2_ROW_MALTING,AAC CONNECT,AAC CONNECT,19245,2019
Alberta,Barley,CW_2_ROW_MALTING,AAC GOLDMAN,AAC GOLDMAN,136,2019
Alberta,Barley,CW_2_ROW_MALTING,AAC SYNERGY,AAC SYNERGY,260802,2019
Alberta,Barley,CW_2_ROW_MALTING,AC METCALFE,AC METCALFE,174677,2019
Alberta,Barley,CW_2_ROW_MALTING,AC OXBOW,AC OXBOW,512,2019
Alberta,Barley,CW_2_ROW_MALTING,BENTLEY,BENTLEY,12363,2019
Alberta,Barley,CW_2_ROW_MALTING,CDC AURORA NIJO,CDC AURORA NIJO,110,2019
Alberta,Barley,CW_2_ROW_MALTING,CDC BOW,CDC BOW,33374,2019
Alberta,Barley,CW_2_ROW_MALTING,CDC COPELAND,CDC COPELAND,522086,2019
Alberta,Barley,CW_2_ROW_MALTING,CDC COPPER,CDC COPPER,866,2019
Alberta,Barley,CW_2_ROW_MALTING,CDC FRASER,CDC FRASER,7090,2019
Alberta,Barley,CW_2_ROW_MALTING,CDC GOLDSTAR,CDC GOLDSTAR,150,2019
Alberta,Barley,CW_2_ROW_MALTING,CDC KENDALL,CDC KENDALL,70,2019
Alberta,Barley,CW_2_ROW_MALTING,CDC KINDERSLEY,CDC KINDERSLEY,3192,2019
Alberta,Barley,CW_2_ROW_MALTING,CDC MEREDITH,CDC MEREDITH,6054,2019
Alberta,Barley,CW_2_ROW_MALTING,CDC POLARSTAR,CDC POLARSTAR,218,2019
Alberta,Barley,CW_2_ROW_MALTING,CDC STRATUS,CDC STRATUS,1066,2019
Alberta,Barley,CW_2_ROW_MALTING,CERVEZA,CERVEZA,1311,2019
Alberta,Barley,CW_2_ROW_MALTING,HARRINGTON,HARRINGTON,788,2019
Alberta,Barley,CW_2_ROW_MALTING,LOWE,LOWE,482,2019
Alberta,Barley,CW_2_ROW_MALTING,MAJOR,MAJOR,587,2019
Alberta,Barley,CW_2_ROW_MALTING,MANLEY,MANLEY,40,2019
Alberta,Barley,CW_2_ROW_MALTING,MERIT 16,MERIT 16,85,2019
Alberta,Barley,CW_2_ROW_MALTING,MERIT 57,MERIT 57,295,2019
Alberta,Barley,CW_2_ROW_MALTING,NEWDALE,NEWDALE,11314,2019
Alberta,Barley,CW_2_ROW_MALTING,SIRISH,SIRISH,8436,2019
Alberta,Barley,CW_2_ROW_MALTING_HULLESS,CDC CLEAR,CDC CLEAR,45,2019
Alberta,Barley,CW_6_ROW_MALTING,CDC ANDERSON,CDC ANDERSON,663,2019
Alberta,Barley,CW_6_ROW_MALTING,CDC BATTLEFORD,CDC BATTLEFORD,702,2019
Alberta,Barley,CW_6_ROW_MALTING,CDC CLYDE,CDC CLYDE,129,2019
Alberta,Barley,CW_6_ROW_MALTING,CDC YORKTON,CDC YORKTON,590,2019
Alberta,Barley,CW_6_ROW_MALTING,EXCEL,EXCEL,143,2019
Alberta,Barley,CW_6_ROW_MALTING,LACEY,LACEY,476,2019
Alberta,Barley,CW_6_ROW_MALTING,LEGACY,LEGACY,15859,2019
Alberta,Barley,CW_6_ROW_MALTING,ROBUST,ROBUST,605,2019
Alberta,Barley,UNKNOWN CLASS,NON DESIGNATED,AB ADVANTAGE,198,2019
Alberta,Barley,UNKNOWN CLASS,NON DESIGNATED,AB CATTLELAC,2497,2019
Alberta,Barley,UNKNOWN CLASS,NON DESIGNATED,ABEE,18,2019
Alberta,Barley,UNKNOWN CLASS,NON DESIGNATED,AC HARPER,422,2019
Alberta,Barley,UNKNOWN CLASS,NON DESIGNATED,AC LACOMBE,995,2019
Alberta,Barley,UNKNOWN CLASS,NON DESIGNATED,AC RANGER,2667,2019
Alberta,Barley,UNKNOWN CLASS,NON DESIGNATED,AC ROSSER,2176,2019
Alberta,Barley,UNKNOWN CLASS,NON DESIGNATED,ALSTON,272,2019
Alberta,Barley,UNKNOWN CLASS,NON DESIGNATED,AMISK,8285,2019
Alberta,Barley,UNKNOWN CLASS,NON DESIGNATED,B 1215,51,2019
Alberta,Barley,UNKNOWN CLASS,NON DESIGNATED,B1602,25,2019
Alberta,Barley,UNKNOWN CLASS,NON DESIGNATED,BC 100,1431,2019
Alberta,Barley,UNKNOWN CLASS,NON DESIGNATED,BONANZA,1141,2019
Alberta,Barley,UNKNOWN CLASS,NON DESIGNATED,BRAHMA,204308,2019
Alberta,Barley,UNKNOWN CLASS,NON DESIGNATED,BRETON,354,2019
Alberta,Barley,UNKNOWN CLASS,NON DESIGNATED,BRIDGE,729,2019
Alberta,Barley,UNKNOWN CLASS,NON DESIGNATED,BRIER,145,2019
Alberta,Barley,UNKNOWN CLASS,NON DESIGNATED,BUSBY,5762,2019
Alberta,Barley,UNKNOWN CLASS,NON DESIGNATED,CALDER,174,2019
Alberta,Barley,UNKNOWN CLASS,NON DESIGNATED,CANMORE,95004,2019
Alberta,Barley,UNKNOWN CLASS,NON DESIGNATED,CDC AUSTENSON,432416,2019
Alberta,Barley,UNKNOWN CLASS,NON DESIGNATED,CDC BOLD,4014,2019
Alberta,Barley,UNKNOWN CLASS,NON DESIGNATED,CDC CARTER,150,2019
Alberta,Barley,UNKNOWN CLASS,NON DESIGNATED,CDC COALITION,90830,2019
Alberta,Barley,UNKNOWN CLASS,NON DESIGNATED,CDC COWBOY,30090,2019
Alberta,Barley,UNKNOWN CLASS,NON DESIGNATED,CDC DOLLY,695,2019
Alberta,Barley,UNKNOWN CLASS,NON DESIGNATED,CDC EARL,1205,2019
Alberta,Barley,UNKNOWN CLASS,NON DESIGNATED,CDC HELGASON,2036,2019
Alberta,Barley,UNKNOWN CLASS,NON DESIGNATED,CDC MAVERICK,27522,2019
Alberta,Barley,UNKNOWN CLASS,NON DESIGNATED,CDC MINDON,167,2019
Alberta,Barley,UNKNOWN CLASS,NON DESIGNATED,CDC SISLER,125,2019
Alberta,Barley,UNKNOWN CLASS,NON DESIGNATED,CDC SPRINGSIDE,60,2019
Alberta,Barley,UNKNOWN CLASS,NON DESIGNATED,CDC THOMPSON,13408,2019
Alberta,Barley,UNKNOWN CLASS,NON DESIGNATED,CDC TREY,6698,2019
Alberta,Barley,UNKNOWN CLASS,NON DESIGNATED,CHAMPION,109208,2019
Alberta,Barley,UNKNOWN CLASS,NON DESIGNATED,CHIGWELL,2171,2019
Alberta,Barley,UNKNOWN CLASS,NON DESIGNATED,CLAYMORE,20559,2019
Alberta,Barley,UNKNOWN CLASS,NON DESIGNATED,CONLON,19857,2019
Alberta,Barley,UNKNOWN CLASS,NON DESIGNATED,DILLON,100,2019
Alberta,Barley,UNKNOWN CLASS,NON DESIGNATED,DUKE,576,2019
Alberta,Barley,UNKNOWN CLASS,NON DESIGNATED,FALCON,2988,2019
Alberta,Barley,UNKNOWN CLASS,NON DESIGNATED,FORMOSA,258,2019
Alberta,Barley,UNKNOWN CLASS,NON DESIGNATED,GADSBY,4278,2019
Alberta,Barley,UNKNOWN CLASS,NON DESIGNATED,JOHNSTON,819,2019
Alberta,Barley,UNKNOWN CLASS,NON DESIGNATED,KASOTA,93,2019
Alberta,Barley,UNKNOWN CLASS,NON DESIGNATED,KLAGES,105,2019
Alberta,Barley,UNKNOWN CLASS,NON DESIGNATED,LEDUC,50,2019
Alberta,Barley,UNKNOWN CLASS,NON DESIGNATED,MCLEOD,609,2019
Alberta,Barley,UNKNOWN CLASS,NON DESIGNATED,MUSKWA,876,2019
Alberta,Barley,UNKNOWN CLASS,NON DESIGNATED,NIOBE,181,2019
Alberta,Barley,UNKNOWN CLASS,NON DESIGNATED,OLLI,649,2019
Alberta,Barley,UNKNOWN CLASS,NON DESIGNATED,OREANA,38554,2019
Alberta,Barley,UNKNOWN CLASS,NON DESIGNATED,OTAL,374,2019
Alberta,Barley,UNKNOWN CLASS,NON DESIGNATED,PHOENIX,824,2019
Alberta,Barley,UNKNOWN CLASS,NON DESIGNATED,PONOKA,6966,2019
Alberta,Barley,UNKNOWN CLASS,NON DESIGNATED,SAMSON,255,2019
Alberta,Barley,UNKNOWN CLASS,NON DESIGNATED,SEEBE,13953,2019
Alberta,Barley,UNKNOWN CLASS,NON DESIGNATED,SELKIRK,186,2019
Alberta,Barley,UNKNOWN CLASS,NON DESIGNATED,SOMMERVILLE,140,2019
Alberta,Barley,UNKNOWN CLASS,NON DESIGNATED,STANDER,3526,2019
Alberta,Barley,UNKNOWN CLASS,NON DESIGNATED,STEIN,70,2019
Alberta,Barley,UNKNOWN CLASS,NON DESIGNATED,STETSON,40,2019
Alberta,Barley,UNKNOWN CLASS,NON DESIGNATED,STOCKFORD,35,2019
Alberta,Barley,UNKNOWN CLASS,NON DESIGNATED,SUNDRE,5647,2019
Alberta,Barley,UNKNOWN CLASS,NON DESIGNATED,TR13606,25,2019
Alberta,Barley,UNKNOWN CLASS,NON DESIGNATED,TROCHU,2231,2019
Alberta,Barley,UNKNOWN CLASS,NON DESIGNATED,TYTO,150,2019
Alberta,Barley,UNKNOWN CLASS,NON DESIGNATED,VIRDEN,155,2019
Alberta,Barley,UNKNOWN CLASS,NON DESIGNATED,VIVAR,2215,2019
Alberta,Barley,UNKNOWN CLASS,NON DESIGNATED,WESTFORD,80,2019
Alberta,Barley,UNKNOWN CLASS,NON DESIGNATED,WINTHROP,877,2019
Alberta,Barley,UNKNOWN CLASS,NON DESIGNATED,XENA,119525,2019
Alberta,Barley,UNKNOWN CLASS,NOT SPECIFIED,NOT SPECIFIED,3085,2019
Alberta,Rye,,,AC REMINGTON,387,2019
Alberta,Rye,,,AC RIFLE,160,2019
Alberta,Rye,,,BRASETTO,1730,2019
Alberta,Rye,,,DAKOTA,432,2019
Alberta,Rye,,,GAZELLE,445,2019
Alberta,Rye,,,GUTTINO,2726,2019
Alberta,Rye,,,HAZLET,2400,2019
Alberta,Rye,,,KODIAK,137,2019
Alberta,Rye,,,KWS BONO,4006,2019
Alberta,Rye,,,KWS DANIELLO,1855,2019
Alberta,Rye,,,KWS GATANO,461,2019
Alberta,Rye,,,KWS PROPOWER,453,2019
Alberta,Rye,,,KWS SERAFINO,50,2019
Alberta,Rye,,,MUSKETEER,1092,2019
Alberta,Rye,,,PRIMA,746,2019
Alberta,Triticale,,,AAC DELIGHT,2280,2019
Alberta,Triticale,,,AC ALTA,301,2019
Alberta,Triticale,,,AC CERTA,40,2019
Alberta,Triticale,,,AC COPIA,80,2019
Alberta,Triticale,,,AC ULTIMA,374,2019
Alberta,Triticale,,,BANJO,137,2019
Alberta,Triticale,,,BOBCAT,277,2019
Alberta,Triticale,,,BREVIS,844,2019
Alberta,Triticale,,,BUMPER,175,2019
Alberta,Triticale,,,BUNKER,2435,2019
Alberta,Triticale,,,COMPANION,32,2019
Alberta,Triticale,,,ELEVATOR,70,2019
Alberta,Triticale,,,FRIDGE,282,2019
Alberta,Triticale,,,LUOMA,595,2019
Alberta,Triticale,,,METZGER,850,2019
Alberta,Triticale,,,PIKA,550,2019
Alberta,Triticale,,,PRONGHORN,1578,2019
Alberta,Triticale,,,SUNRAY,2008,2019
Alberta,Triticale,,,TAZA,2020,2019
Alberta,Triticale,,,TRACTION,315,2019
Alberta,Triticale,,,TYNDAL,3248,2019
Alberta,Triticale,,,WAPITI,210,2019
Alberta,Triticale,,NOT SPECIFIED,NOT SPECIFIED,1098,2019
British Columbia,Wheat,CPS,AAC ENTICE,AAC ENTICE,576,2019
British Columbia,Wheat,CPS,AAC PENHOLD,AAC PENHOLD,2071,2019
British Columbia,Wheat,CWRS,AAC BRANDON,AAC BRANDON,4131,2019
British Columbia,Wheat,CWRS,AAC CONNERY,AAC CONNERY,913,2019
British Columbia,Wheat,CWRS,AAC ELIE,AAC ELIE,2689,2019
British Columbia,Wheat,CWRS,AAC REDBERRY,AAC REDBERRY,413,2019
British Columbia,Wheat,CWRS,AAC REDWATER,AAC REDWATER,12753,2019
British Columbia,Wheat,CWRS,AAC TISDALE,AAC TISDALE,766,2019
British Columbia,Wheat,CWRS,AC INTREPID,AC INTREPID,1701,2019
British Columbia,Wheat,CWRS,AC SPLENDOR,AC SPLENDOR,1182,2019
British Columbia,Wheat,CWRS,CDC GO,CDC GO,12584,2019
British Columbia,Wheat,CWRS,CDC HUGHES,CDC HUGHES,701,2019
British Columbia,Wheat,CWRS,CDC STANLEY,CDC STANLEY,3278,2019
British Columbia,Wheat,CWRS,GO EARLY,GO EARLY,3148,2019
British Columbia,Wheat,CWRS,STETTLER,STETTLER,5718,2019
British Columbia,Wheat,CWRS,THORSBY,THORSBY,311,2019
British Columbia,Wheat,UNKNOWN CLASS,NOT SPECIFIED,NOT SPECIFIED,13177,2019
British Columbia,Oat,,,AC MORGAN,8294,2019
British Columbia,Oat,,,AC MUSTANG,5766,2019
British Columbia,Oat,,,CDC RUFFIAN,290,2019
British Columbia,Oat,,,CS CAMDEN,7857,2019
British Columbia,Oat,,,DERBY,148,2019
British Columbia,Oat,,NOT SPECIFIED,NOT SPECIFIED,1394,2019
British Columbia,Barley,CW_2_ROW_MALTING,AAC CONNECT,AAC CONNECT,533,2019
British Columbia,Barley,CW_2_ROW_MALTING,AAC SYNERGY,AAC SYNERGY,719,2019
British Columbia,Barley,CW_2_ROW_MALTING,AC METCALFE,AC METCALFE,7963,2019
British Columbia,Barley,CW_2_ROW_MALTING,CDC COPELAND,CDC COPELAND,8000,2019
British Columbia,Barley,CW_2_ROW_MALTING,CDC MEREDITH,CDC MEREDITH,1048,2019
British Columbia,Barley,UNKNOWN CLASS,NON DESIGNATED,AC ALBRIGHT,2720,2019
British Columbia,Barley,UNKNOWN CLASS,NON DESIGNATED,AC RANGER,175,2019
British Columbia,Barley,UNKNOWN CLASS,NON DESIGNATED,CDC AUSTENSON,8482,2019
British Columbia,Barley,UNKNOWN CLASS,NON DESIGNATED,CDC MAVERICK,344,2019
British Columbia,Barley,UNKNOWN CLASS,NON DESIGNATED,OTAL,1489,2019
British Columbia,Barley,UNKNOWN CLASS,NOT SPECIFIED,NOT SPECIFIED,1957,2019
Manitoba,Wheat,CNHR,5603HR,5603HR,180,2019
Manitoba,Wheat,CNHR,COLUMBUS,COLUMBUS,100,2019
Manitoba,Wheat,CNHR,ELGIN ND,ELGIN ND,1290,2019
Manitoba,Wheat,CNHR,FALLER,FALLER,117294,2019
Manitoba,Wheat,CNHR,HARVEST,HARVEST,93,2019
Manitoba,Wheat,CNHR,KANE,KANE,182,2019
Manitoba,Wheat,CNHR,PROSPER,PROSPER,34846,2019
Manitoba,Wheat,CPS,AAC GOODWIN,AAC GOODWIN,292,2019
Manitoba,Wheat,CPS,AAC PENHOLD,AAC PENHOLD,13660,2019
Manitoba,Wheat,CPS,SY ROWYN,SY ROWYN,35721,2019
Manitoba,Wheat,CWES,CDN BISON,CDN BISON,461,2019
Manitoba,Wheat,CWHWS,SNOWBIRD,SNOWBIRD,145,2019
Manitoba,Wheat,CWHWS,SNOWSTAR,SNOWSTAR,715,2019
Manitoba,Wheat,CWRS,5500HR,5500HR,105,2019
Manitoba,Wheat,CWRS,5600HR,5600HR,110,2019
Manitoba,Wheat,CWRS,5604HR CL,5604HR CL,2901,2019
Manitoba,Wheat,CWRS,5605HR CL,5605HR CL,10400,2019
Manitoba,Wheat,CWRS,AAC BAILEY,AAC BAILEY,133,2019
Manitoba,Wheat,CWRS,AAC BRANDON,AAC BRANDON,1779207,2019
Manitoba,Wheat,CWRS,AAC CAMERON,AAC CAMERON,27769,2019
Manitoba,Wheat,CWRS,AAC CONNERY,AAC CONNERY,7221,2019
Manitoba,Wheat,CWRS,AAC ELIE,AAC ELIE,199052,2019
Manitoba,Wheat,CWRS,AAC JATHARIA,AAC JATHARIA,155,2019
Manitoba,Wheat,CWRS,AAC PREVAIL,AAC PREVAIL,54,2019
Manitoba,Wheat,CWRS,AAC REDBERRY,AAC REDBERRY,51184,2019
Manitoba,Wheat,CWRS,AAC REDWATER,AAC REDWATER,21507,2019
Manitoba,Wheat,CWRS,AAC STARBUCK,AAC STARBUCK,60,2019
Manitoba,Wheat,CWRS,AAC TISDALE,AAC TISDALE,25547,2019
Manitoba,Wheat,CWRS,AAC VIEWFIELD,AAC VIEWFIELD,219044,2019
Manitoba,Wheat,CWRS,AAC W1876,AAC W1876,1297,2019
Manitoba,Wheat,CWRS,AAC WHEATLAND,AAC WHEATLAND,217,2019
Manitoba,Wheat,CWRS,AC BARRIE,AC BARRIE,4044,2019
Manitoba,Wheat,CWRS,AC CADILLAC,AC CADILLAC,363,2019
Manitoba,Wheat,CWRS,AC DOMAIN,AC DOMAIN,23557,2019
Manitoba,Wheat,CWRS,AC INTREPID,AC INTREPID,1169,2019
Manitoba,Wheat,CWRS,AC SPLENDOR,AC SPLENDOR,916,2019
Manitoba,Wheat,CWRS,BOLLES,BOLLES,10560,2019
Manitoba,Wheat,CWRS,CARBERRY,CARBERRY,28731,2019
Manitoba,Wheat,CWRS,CARDALE,CARDALE,101212,2019
Manitoba,Wheat,CWRS,CDC ALSASK,CDC ALSASK,500,2019
Manitoba,Wheat,CWRS,CDC BRADWELL,CDC BRADWELL,136,2019
Manitoba,Wheat,CWRS,CDC GO,CDC GO,2678,2019
Manitoba,Wheat,CWRS,CDC HUGHES,CDC HUGHES,9261,2019
Manitoba,Wheat,CWRS,CDC IMAGINE,CDC IMAGINE,1527,2019
Manitoba,Wheat,CWRS,CDC LANDMARK,CDC LANDMARK,60487,2019
Manitoba,Wheat,CWRS,CDC PLENTIFUL,CDC PLENTIFUL,31200,2019
Manitoba,Wheat,CWRS,CDC STANLEY,CDC STANLEY,14162,2019
Manitoba,Wheat,CWRS,CDC TEAL,CDC TEAL,413,2019
Manitoba,Wheat,CWRS,CDC TITANIUM,CDC TITANIUM,6643,2019
Manitoba,Wheat,CWRS,CDC UTMOST,CDC UTMOST,2242,2019
Manitoba,Wheat,CWRS,CDC VR MORRIS,CDC VR MORRIS,8284,2019
Manitoba,Wheat,CWRS,FIELDSTAR,FIELDSTAR,46,2019
Manitoba,Wheat,CWRS,GLENN,GLENN,21344,2019
Manitoba,Wheat,CWRS,INFINITY,INFINITY,252,2019
Manitoba,Wheat,CWRS,MUCHMORE,MUCHMORE,6679,2019
Manitoba,Wheat,CWRS,ROBLIN,ROBLIN,490,2019
Manitoba,Wheat,CWRS,SHAW,SHAW,28,2019
Manitoba,Wheat,CWRS,STETTLER,STETTLER,2814,2019
Manitoba,Wheat,CWRS,SUPERB,SUPERB,183,2019
Manitoba,Wheat,CWRS,SY GABBRO,SY GABBRO,370,2019
Manitoba,Wheat,CWRS,SY SLATE,SY SLATE,190,2019
Manitoba,Wheat,CWRS,SY SOVITE,SY SOVITE,266,2019
Manitoba,Wheat,CWRS,SY TORACH,SY TORACH,295,2019
Manitoba,Wheat,CWRS,SY479 VB,SY479 VB,95,2019
Manitoba,Wheat,CWRS,WASKADA,WASKADA,570,2019
Manitoba,Wheat,CWRS,WR859 CL,WR859 CL,1258,2019
Manitoba,Wheat,CWRW,AAC ELEVATE,AAC ELEVATE,890,2019
Manitoba,Wheat,CWRW,AAC GATEWAY,AAC GATEWAY,10219,2019
Manitoba,Wheat,CWRW,AAC WILDFIRE,AAC WILDFIRE,310,2019
Manitoba,Wheat,CWRW,AC TEMPEST,AC TEMPEST,60,2019
Manitoba,Wheat,CWRW,CDC BUTEO,CDC BUTEO,1322,2019
Manitoba,Wheat,CWRW,EMERSON,EMERSON,17419,2019
Manitoba,Wheat,CWRW,FLOURISH,FLOURISH,150,2019
Manitoba,Wheat,CWRW,MCCLINTOCK,MCCLINTOCK,235,2019
Manitoba,Wheat,CWRW,MOATS,MOATS,571,2019
Manitoba,Wheat,CWSP,CDC FALCON,CDC FALCON,1485,2019
Manitoba,Wheat,CWSP,PASTEUR,PASTEUR,1741,2019
Manitoba,Wheat,UNKNOWN CLASS,NON DESIGNATED,LNR 14-1299,110,2019
Manitoba,Wheat,UNKNOWN CLASS,NON DESIGNATED,SELKIRK,10,2019
Manitoba,Wheat,UNKNOWN CLASS,NON DESIGNATED,SY VALDA,520,2019
Manitoba,Wheat,UNKNOWN CLASS,NOT SPECIFIED,NOT SPECIFIED,3809,2019
Manitoba,Amber Durum,CWAD,CDC CARBIDE,CDC CARBIDE,743,2019
Manitoba,Amber Durum,CWAD,CDC FORTITUDE,CDC FORTITUDE,270,2019
Manitoba,Amber Durum,CWAD,TRANSCEND,TRANSCEND,185,2019
Manitoba,Oat,,,AAC JUSTICE,818,2019
Manitoba,Oat,,,AAC ORAVENA,75,2019
Manitoba,Oat,,,AC ASSINIBOIA,1369,2019
Manitoba,Oat,,,AC BATON,40,2019
Manitoba,Oat,,,AC MARIE,130,2019
Manitoba,Oat,,,AC MORGAN,7789,2019
Manitoba,Oat,,,AC MUSTANG,196,2019
Manitoba,Oat,,,AC PREAKNESS,30,2019
Manitoba,Oat,,,BUFF,71,2019
Manitoba,Oat,,,CANMORE,375,2019
Manitoba,Oat,,,CDC ARBORG,287,2019
Manitoba,Oat,,,CDC BALER,2681,2019
Manitoba,Oat,,,CDC BIG BROWN,2195,2019
Manitoba,Oat,,,CDC DANCER,2908,2019
Manitoba,Oat,,,CDC HAYMAKER,6486,2019
Manitoba,Oat,,,CDC MINSTREL,155,2019
Manitoba,Oat,,,CDC MORRISON,2187,2019
Manitoba,Oat,,,CDC NASSER,458,2019
Manitoba,Oat,,,CDC NORSEMAN,358,2019
Manitoba,Oat,,,CDC RUFFIAN,395,2019
Manitoba,Oat,,,CDC SO-I,4488,2019
Manitoba,Oat,,,CS CAMDEN,199476,2019
Manitoba,Oat,,,DERBY,50,2019
Manitoba,Oat,,,DOUGLAS,118,2019
Manitoba,Oat,,,DRUMMOND,215,2019
Manitoba,Oat,,,DUMONT,597,2019
Manitoba,Oat,,,FIDLER,50,2019
Manitoba,Oat,,,FORAGE,768,2019
Manitoba,Oat,,,FURLONG,4270,2019
Manitoba,Oat,,,GEHL,723,2019
Manitoba,Oat,,,HAYWIRE,2287,2019
Manitoba,Oat,,,JORDAN,202,2019
Manitoba,Oat,,,LEGGETT,4391,2019
Manitoba,Oat,,,MAGNUM,136,2019
Manitoba,Oat,,,ORE3541M,7608,2019
Manitoba,Oat,,,ORE3542M,11020,2019
Manitoba,Oat,,,PINNACLE,11980,2019
Manitoba,Oat,,,RIEL,470,2019
Manitoba,Oat,,,ROBERT,653,2019
Manitoba,Oat,,,RONALD,2853,2019
Manitoba,Oat,,,SOURIS,34768,2019
Manitoba,Oat,,,STRIDE,873,2019
Manitoba,Oat,,,SUMMIT,185361,2019
Manitoba,Oat,,,TRIACTOR,1082,2019
Manitoba,Oat,,,TRIPLE CROWN,3289,2019
Manitoba,Oat,,NOT SPECIFIED,NOT SPECIFIED,9299,2019
Manitoba,Barley,CW_2_ROW_MALTING,AAC CONNECT,AAC CONNECT,14313,2019
Manitoba,Barley,CW_2_ROW_MALTING,AAC SYNERGY,AAC SYNERGY,32886,2019
Manitoba,Barley,CW_2_ROW_MALTING,AC METCALFE,AC METCALFE,25487,2019
Manitoba,Barley,CW_2_ROW_MALTING,AC OXBOW,AC OXBOW,1,2019
Manitoba,Barley,CW_2_ROW_MALTING,BENTLEY,BENTLEY,2950,2019
Manitoba,Barley,CW_2_ROW_MALTING,CDC BOW,CDC BOW,631,2019
Manitoba,Barley,CW_2_ROW_MALTING,CDC COPELAND,CDC COPELAND,30362,2019
Manitoba,Barley,CW_2_ROW_MALTING,CDC FRASER,CDC FRASER,3022,2019
Manitoba,Barley,CW_2_ROW_MALTING,CDC KINDERSLEY,CDC KINDERSLEY,1567,2019
Manitoba,Barley,CW_2_ROW_MALTING,CDC MEREDITH,CDC MEREDITH,155,2019
Manitoba,Barley,CW_2_ROW_MALTING,MANLEY,MANLEY,118,2019
Manitoba,Barley,CW_2_ROW_MALTING,NEWDALE,NEWDALE,13282,2019
Manitoba,Barley,CW_2_ROW_MALTING,SIRISH,SIRISH,160,2019
Manitoba,Barley,CW_2_ROW_MALTING_HULLESS,CDC CLEAR,CDC CLEAR,428,2019
Manitoba,Barley,CW_6_ROW_MALTING,CDC YORKTON,CDC YORKTON,255,2019
Manitoba,Barley,CW_6_ROW_MALTING,CELEBRATION,CELEBRATION,19263,2019
Manitoba,Barley,CW_6_ROW_MALTING,LACEY,LACEY,692,2019
Manitoba,Barley,CW_6_ROW_MALTING,LEGACY,LEGACY,2023,2019
Manitoba,Barley,CW_6_ROW_MALTING,ROBUST,ROBUST,1027,2019
Manitoba,Barley,CW_6_ROW_MALTING,STELLAR-ND,STELLAR-ND,405,2019
Manitoba,Barley,CW_6_ROW_MALTING,TRADITION,TRADITION,5630,2019
Manitoba,Barley,UNKNOWN CLASS,NON DESIGNATED,AC LACOMBE,65,2019
Manitoba,Barley,UNKNOWN CLASS,NON DESIGNATED,AC RANGER,247,2019
Manitoba,Barley,UNKNOWN CLASS,NON DESIGNATED,ASCENSION,1297,2019
Manitoba,Barley,UNKNOWN CLASS,NON DESIGNATED,BONANZA,60,2019
Manitoba,Barley,UNKNOWN CLASS,NON DESIGNATED,BRIER,72,2019
Manitoba,Barley,UNKNOWN CLASS,NON DESIGNATED,CANMORE,9765,2019
Manitoba,Barley,UNKNOWN CLASS,NON DESIGNATED,CDC AUSTENSON,76324,2019
Manitoba,Barley,UNKNOWN CLASS,NON DESIGNATED,CDC COWBOY,1956,2019
Manitoba,Barley,UNKNOWN CLASS,NON DESIGNATED,CDC MAVERICK,4854,2019
Manitoba,Barley,UNKNOWN CLASS,NON DESIGNATED,CDC MCGWIRE,500,2019
Manitoba,Barley,UNKNOWN CLASS,NON DESIGNATED,CENTURION,132,2019
Manitoba,Barley,UNKNOWN CLASS,NON DESIGNATED,CHAMPION,5485,2019
Manitoba,Barley,UNKNOWN CLASS,NON DESIGNATED,CLAYMORE,564,2019
Manitoba,Barley,UNKNOWN CLASS,NON DESIGNATED,CONDOR,240,2019
Manitoba,Barley,UNKNOWN CLASS,NON DESIGNATED,CONLON,71908,2019
Manitoba,Barley,UNKNOWN CLASS,NON DESIGNATED,DESPERADO,1424,2019
Manitoba,Barley,UNKNOWN CLASS,NON DESIGNATED,DUKE,280,2019
Manitoba,Barley,UNKNOWN CLASS,NON DESIGNATED,FALCON,23,2019
Manitoba,Barley,UNKNOWN CLASS,NON DESIGNATED,OCEANIK,200,2019
Manitoba,Barley,UNKNOWN CLASS,NON DESIGNATED,OREANA,1525,2019
Manitoba,Barley,UNKNOWN CLASS,NON DESIGNATED,SUMMIT,282,2019
Manitoba,Barley,UNKNOWN CLASS,NOT SPECIFIED,NOT SPECIFIED,5613,2019
Manitoba,Rye,,,AC REMINGTON,709,2019
Manitoba,Rye,,,AC RIFLE,235,2019
Manitoba,Rye,,,BRASETTO,2402,2019
Manitoba,Rye,,,DAKOLD,338,2019
Manitoba,Rye,,,DANKO,2264,2019
Manitoba,Rye,,,GUTTINO,4451,2019
Manitoba,Rye,,,HAZLET,30050,2019
Manitoba,Rye,,,KWS BONO,38285,2019
Manitoba,Rye,,,KWS DANIELLO,2358,2019
Manitoba,Rye,,,KWS GATANO,5673,2019
Manitoba,Rye,,,PRIMA,3920,2019
Manitoba,Rye,,NOT SPECIFIED,NOT SPECIFIED,3340,2019
Manitoba,Triticale,,,BREVIS,150,2019
Manitoba,Triticale,,,ELEVATOR,390,2019
Manitoba,Triticale,,,FRIDGE,405,2019
Manitoba,Triticale,,,TYNDAL,154,2019
Manitoba,Triticale,,NOT SPECIFIED,NOT SPECIFIED,809,2019
Saskatchewan,Wheat,CNHR,AC CRYSTAL,AC CRYSTAL,3988,2019
Saskatchewan,Wheat,CNHR,CDC MAKWA,CDC MAKWA,608,2019
Saskatchewan,Wheat,CNHR,COLUMBUS,COLUMBUS,945,2019
Saskatchewan,Wheat,CNHR,CONQUER,CONQUER,5261,2019
Saskatchewan,Wheat,CNHR,CONWAY,CONWAY,762,2019
Saskatchewan,Wheat,CNHR,ELGIN ND,ELGIN ND,3449,2019
Saskatchewan,Wheat,CNHR,FALLER,FALLER,13120,2019
Saskatchewan,Wheat,CNHR,HARVEST,HARVEST,4967,2019
Saskatchewan,Wheat,CNHR,LILLIAN,LILLIAN,5968,2019
Saskatchewan,Wheat,CNHR,MCKENZIE,MCKENZIE,1945,2019
Saskatchewan,Wheat,CNHR,UNITY,UNITY,4704,2019
Saskatchewan,Wheat,CPS,5700PR,5700PR,5552,2019
Saskatchewan,Wheat,CPS,5701PR,5701PR,1051,2019
Saskatchewan,Wheat,CPS,5702PR,5702PR,2814,2019
Saskatchewan,Wheat,CPS,AAC ENTICE,AAC ENTICE,1859,2019
Saskatchewan,Wheat,CPS,AAC FORAY,AAC FORAY,11740,2019
Saskatchewan,Wheat,CPS,AAC PENHOLD,AAC PENHOLD,43946,2019
Saskatchewan,Wheat,CPS,AC VISTA,AC VISTA,967,2019
Saskatchewan,Wheat,CPS,ENCHANT,ENCHANT,906,2019
Saskatchewan,Wheat,CPS,SY ROWYN,SY ROWYN,12401,2019
Saskatchewan,Wheat,CPS,SY985,SY985,1133,2019
Saskatchewan,Wheat,CWHWS,AAC WHITEFOX,AAC WHITEFOX,1380,2019
Saskatchewan,Wheat,CWHWS,SNOWBIRD,SNOWBIRD,1367,2019
Saskatchewan,Wheat,CWHWS,SNOWSTAR,SNOWSTAR,421,2019
Saskatchewan,Wheat,CWRS,5602HR,5602HR,3475,2019
Saskatchewan,Wheat,CWRS,5604HR CL,5604HR CL,12983,2019
Saskatchewan,Wheat,CWRS,5605HR CL,5605HR CL,30987,2019
Saskatchewan,Wheat,CWRS,AAC ALIDA,AAC ALIDA,5762,2019
Saskatchewan,Wheat,CWRS,AAC BRANDON,AAC BRANDON,2131224,2019
Saskatchewan,Wheat,CWRS,AAC CAMERON,AAC CAMERON,112769,2019
Saskatchewan,Wheat,CWRS,AAC CONNERY,AAC CONNERY,25489,2019
Saskatchewan,Wheat,CWRS,AAC ELIE,AAC ELIE,223478,2019
Saskatchewan,Wheat,CWRS,AAC JATHARIA,AAC JATHARIA,96391,2019
Saskatchewan,Wheat,CWRS,AAC PREVAIL,AAC PREVAIL,24198,2019
Saskatchewan,Wheat,CWRS,AAC REDBERRY,AAC REDBERRY,42344,2019
Saskatchewan,Wheat,CWRS,AAC REDWATER,AAC REDWATER,10751,2019
Saskatchewan,Wheat,CWRS,AAC TISDALE,AAC TISDALE,8465,2019
Saskatchewan,Wheat,CWRS,AAC VIEWFIELD,AAC VIEWFIELD,199170,2019
Saskatchewan,Wheat,CWRS,AAC W1876,AAC W1876,780,2019
Saskatchewan,Wheat,CWRS,AC BARRIE,AC BARRIE,29091,2019
Saskatchewan,Wheat,CWRS,AC CADILLAC,AC CADILLAC,4435,2019
Saskatchewan,Wheat,CWRS,AC DOMAIN,AC DOMAIN,5798,2019
Saskatchewan,Wheat,CWRS,AC ELSA,AC ELSA,4012,2019
Saskatchewan,Wheat,CWRS,AC INTREPID,AC INTREPID,12241,2019
Saskatchewan,Wheat,CWRS,AC SPLENDOR,AC SPLENDOR,12840,2019
Saskatchewan,Wheat,CWRS,CARBERRY,CARBERRY,165592,2019
Saskatchewan,Wheat,CWRS,CARDALE,CARDALE,239100,2019
Saskatchewan,Wheat,CWRS,CDC ABOUND,CDC ABOUND,10098,2019
Saskatchewan,Wheat,CWRS,CDC ADAMANT,CDC ADAMANT,7676,2019
Saskatchewan,Wheat,CWRS,CDC BOUNTY,CDC BOUNTY,1826,2019
Saskatchewan,Wheat,CWRS,CDC BRADWELL,CDC BRADWELL,4114,2019
Saskatchewan,Wheat,CWRS,CDC GO,CDC GO,14794,2019
Saskatchewan,Wheat,CWRS,CDC HUGHES,CDC HUGHES,83542,2019
Saskatchewan,Wheat,CWRS,CDC IMAGINE,CDC IMAGINE,8514,2019
Saskatchewan,Wheat,CWRS,CDC LANDMARK,CDC LANDMARK,706731,2019
Saskatchewan,Wheat,CWRS,CDC PLENTIFUL,CDC PLENTIFUL,291200,2019
Saskatchewan,Wheat,CWRS,CDC STANLEY,CDC STANLEY,103375,2019
Saskatchewan,Wheat,CWRS,CDC TEAL,CDC TEAL,1885,2019
Saskatchewan,Wheat,CWRS,CDC THRIVE,CDC THRIVE,1569,2019
Saskatchewan,Wheat,CWRS,CDC TITANIUM,CDC TITANIUM,158906,2019
Saskatchewan,Wheat,CWRS,CDC UTMOST,CDC UTMOST,233254,2019
Saskatchewan,Wheat,CWRS,CDC VR MORRIS,CDC VR MORRIS,62532,2019
Saskatchewan,Wheat,CWRS,FIELDSTAR,FIELDSTAR,2480,2019
Saskatchewan,Wheat,CWRS,GLENN,GLENN,76540,2019
Saskatchewan,Wheat,CWRS,GOODEVE,GOODEVE,25947,2019
Saskatchewan,Wheat,CWRS,INFINITY,INFINITY,1178,2019
Saskatchewan,Wheat,CWRS,LAURA,LAURA,1939,2019
Saskatchewan,Wheat,CWRS,MUCHMORE,MUCHMORE,21820,2019
Saskatchewan,Wheat,CWRS,PRODIGY,PRODIGY,4329,2019
Saskatchewan,Wheat,CWRS,ROBLIN,ROBLIN,665,2019
Saskatchewan,Wheat,CWRS,SHAW,SHAW,83504,2019
Saskatchewan,Wheat,CWRS,STETTLER,STETTLER,30973,2019
Saskatchewan,Wheat,CWRS,SUPERB,SUPERB,12196,2019
Saskatchewan,Wheat,CWRS,SY SOVITE,SY SOVITE,5412,2019
Saskatchewan,Wheat,CWRS,VESPER,VESPER,38717,2019
Saskatchewan,Wheat,CWRS,WASKADA,WASKADA,20445,2019
Saskatchewan,Wheat,CWRS,WR859 CL,WR859 CL,16194,2019
Saskatchewan,Wheat,CWRW,AAC WILDFIRE,AAC WILDFIRE,2543,2019
Saskatchewan,Wheat,CWRW,CDC BUTEO,CDC BUTEO,2867,2019
Saskatchewan,Wheat,CWRW,EMERSON,EMERSON,4944,2019
Saskatchewan,Wheat,CWRW,FLOURISH,FLOURISH,3415,2019
Saskatchewan,Wheat,CWRW,MOATS,MOATS,5956,2019
Saskatchewan,Wheat,CWSP,AAC INNOVA,AAC INNOVA,995,2019
Saskatchewan,Wheat,CWSP,CDC PTARMIGAN,CDC PTARMIGAN,1113,2019
Saskatchewan,Wheat,CWSP,PASTEUR,PASTEUR,87628,2019
Saskatchewan,Wheat,CWSP,PINTAIL,PINTAIL,796,2019
Saskatchewan,Wheat,CWSP,SPARROW,SPARROW,1306,2019
Saskatchewan,Wheat,CWSWS,AC ANDREW,AC ANDREW,59412,2019
Saskatchewan,Wheat,CWSWS,AC CHIFFON,AC CHIFFON,1723,2019
Saskatchewan,Wheat,CWSWS,SADASH,SADASH,71089,2019
Saskatchewan,Wheat,UNKNOWN CLASS,NON DESIGNATED,PRESTIGE,849,2019
Saskatchewan,Wheat,UNKNOWN CLASS,NOT SPECIFIED,NOT SPECIFIED,796428,2019
Saskatchewan,Amber Durum,CWAD,AAC CABRI,AAC CABRI,3847,2019
Saskatchewan,Amber Durum,CWAD,AAC CONGRESS,AAC CONGRESS,25658,2019
Saskatchewan,Amber Durum,CWAD,AAC CURRENT,AAC CURRENT,18832,2019
Saskatchewan,Amber Durum,CWAD,AAC MARCHWELL,AAC MARCHWELL,7347,2019
Saskatchewan,Amber Durum,CWAD,AAC RAYMORE,AAC RAYMORE,15450,2019
Saskatchewan,Amber Durum,CWAD,AAC SPITFIRE,AAC SPITFIRE,244295,2019
Saskatchewan,Amber Durum,CWAD,AAC STRONGHOLD,AAC STRONGHOLD,4445,2019
Saskatchewan,Amber Durum,CWAD,AC AVONLEA,AC AVONLEA,5500,2019
Saskatchewan,Amber Durum,CWAD,AC MORSE,AC MORSE,1310,2019
Saskatchewan,Amber Durum,CWAD,AC NAVIGATOR,AC NAVIGATOR,27912,2019
Saskatchewan,Amber Durum,CWAD,BRIGADE,BRIGADE,294107,2019
Saskatchewan,Amber Durum,CWAD,CDC ALLOY,CDC ALLOY,67522,2019
Saskatchewan,Amber Durum,CWAD,CDC CARBIDE,CDC CARBIDE,13706,2019
Saskatchewan,Amber Durum,CWAD,CDC CREDENCE,CDC CREDENCE,3669,2019
Saskatchewan,Amber Durum,CWAD,CDC DESIRE,CDC DESIRE,1344,2019
Saskatchewan,Amber Durum,CWAD,CDC DYNAMIC,CDC DYNAMIC,1425,2019
Saskatchewan,Amber Durum,CWAD,CDC FORTITUDE,CDC FORTITUDE,81315,2019
Saskatchewan,Amber Durum,CWAD,CDC PRECISION,CDC PRECISION,365917,2019
Saskatchewan,Amber Durum,CWAD,CDC VERONA,CDC VERONA,56720,2019
Saskatchewan,Amber Durum,CWAD,CDC VIVID,CDC VIVID,4892,2019
Saskatchewan,Amber Durum,CWAD,COMMANDER,COMMANDER,6669,2019
Saskatchewan,Amber Durum,CWAD,ENTERPRISE,ENTERPRISE,16025,2019
Saskatchewan,Amber Durum,CWAD,EUROSTAR,EUROSTAR,26402,2019
Saskatchewan,Amber Durum,CWAD,KYLE,KYLE,16898,2019
Saskatchewan,Amber Durum,CWAD,NAPOLEON,NAPOLEON,1150,2019
Saskatchewan,Amber Durum,CWAD,STRONGFIELD,STRONGFIELD,160062,2019
Saskatchewan,Amber Durum,CWAD,TRANSCEND,TRANSCEND,1160052,2019
Saskatchewan,Amber Durum,UNKNOWN CLASS,NON DESIGNATED,OAC AMBER,1174,2019
Saskatchewan,Amber Durum,UNKNOWN CLASS,NON DESIGNATED,PLENTY,406,2019
Saskatchewan,Amber Durum,UNKNOWN CLASS,NOT SPECIFIED,NOT SPECIFIED,403883,2019
Saskatchewan,Oat,,,AC MORGAN,116906,2019
Saskatchewan,Oat,,,AC MUSTANG,3657,2019
Saskatchewan,Oat,,,CALIBRE,2531,2019
Saskatchewan,Oat,,,CDC ARBORG,634,2019
Saskatchewan,Oat,,,CDC BALER,3970,2019
Saskatchewan,Oat,,,CDC BOYER,809,2019
Saskatchewan,Oat,,,CDC DANCER,19213,2019
Saskatchewan,Oat,,,CDC HAYMAKER,11366,2019
Saskatchewan,Oat,,,CDC MINSTREL,13287,2019
Saskatchewan,Oat,,,CDC MORRISON,6611,2019
Saskatchewan,Oat,,,CDC NASSER,4431,2019
Saskatchewan,Oat,,,CDC NORSEMAN,812,2019
Saskatchewan,Oat,,,CDC ORRIN,10181,2019
Saskatchewan,Oat,,,CDC RUFFIAN,31249,2019
Saskatchewan,Oat,,,CDC SO-I,11080,2019
Saskatchewan,Oat,,,CDC WEAVER,1395,2019
Saskatchewan,Oat,,,CS CAMDEN,230070,2019
Saskatchewan,Oat,,,DERBY,8389,2019
Saskatchewan,Oat,,,LEGGETT,8917,2019
Saskatchewan,Oat,,,ORE3541M,645,2019
Saskatchewan,Oat,,,ORE3542M,3069,2019
Saskatchewan,Oat,,,PINNACLE,6878,2019
Saskatchewan,Oat,,,SOURIS,20599,2019
Saskatchewan,Oat,,,STRIDE,1095,2019
Saskatchewan,Oat,,,SUMMIT,62262,2019
Saskatchewan,Oat,,,SW BETANIA,5017,2019
Saskatchewan,Oat,,,TRIACTOR,47586,2019
Saskatchewan,Oat,,NOT SPECIFIED,NOT SPECIFIED,111155,2019
Saskatchewan,Barley,CW_2_ROW_MALTING,AAC CONNECT,AAC CONNECT,20304,2019
Saskatchewan,Barley,CW_2_ROW_MALTING,AAC SYNERGY,AAC SYNERGY,212275,2019
Saskatchewan,Barley,CW_2_ROW_MALTING,AC METCALFE,AC METCALFE,417271,2019
Saskatchewan,Barley,CW_2_ROW_MALTING,BENTLEY,BENTLEY,3966,2019
Saskatchewan,Barley,CW_2_ROW_MALTING,CDC BOW,CDC BOW,18967,2019
Saskatchewan,Barley,CW_2_ROW_MALTING,CDC COPELAND,CDC COPELAND,601317,2019
Saskatchewan,Barley,CW_2_ROW_MALTING,CDC FRASER,CDC FRASER,3905,2019
Saskatchewan,Barley,CW_2_ROW_MALTING,CDC KINDERSLEY,CDC KINDERSLEY,565,2019
Saskatchewan,Barley,CW_2_ROW_MALTING,CDC MEREDITH,CDC MEREDITH,5515,2019
Saskatchewan,Barley,CW_2_ROW_MALTING,CDC PLATINUM STAR,CDC PLATINUMSTAR,18327,2019
Saskatchewan,Barley,CW_2_ROW_MALTING,CDC POLARSTAR,CDC POLARSTAR,1301,2019
Saskatchewan,Barley,CW_2_ROW_MALTING,CDC STRATUS,CDC STRATUS,505,2019
Saskatchewan,Barley,CW_2_ROW_MALTING,HARRINGTON,HARRINGTON,1457,2019
Saskatchewan,Barley,CW_2_ROW_MALTING,NEWDALE,NEWDALE,16312,2019
Saskatchewan,Barley,CW_6_ROW_MALTING,CDC ANDERSON,CDC ANDERSON,437,2019
Saskatchewan,Barley,CW_6_ROW_MALTING,CELEBRATION,CELEBRATION,6637,2019
Saskatchewan,Barley,CW_6_ROW_MALTING,LEGACY,LEGACY,48341,2019
Saskatchewan,Barley,CW_6_ROW_MALTING,STELLAR-ND,STELLAR-ND,416,2019
Saskatchewan,Barley,CW_6_ROW_MALTING,TRADITION,TRADITION,438,2019
Saskatchewan,Barley,UNKNOWN CLASS,NON DESIGNATED,AC RANGER,8549,2019
Saskatchewan,Barley,UNKNOWN CLASS,NON DESIGNATED,AC ROSSER,5568,2019
Saskatchewan,Barley,UNKNOWN CLASS,NON DESIGNATED,BONANZA,569,2019
Saskatchewan,Barley,UNKNOWN CLASS,NON DESIGNATED,BRAHMA,2091,2019
Saskatchewan,Barley,UNKNOWN CLASS,NON DESIGNATED,BRONCO,820,2019
Saskatchewan,Barley,UNKNOWN CLASS,NON DESIGNATED,CDC AUSTENSON,247521,2019
Saskatchewan,Barley,UNKNOWN CLASS,NON DESIGNATED,CDC CARTER,1708,2019
Saskatchewan,Barley,UNKNOWN CLASS,NON DESIGNATED,CDC COALITION,4316,2019
Saskatchewan,Barley,UNKNOWN CLASS,NON DESIGNATED,CDC COWBOY,19806,2019
Saskatchewan,Barley,UNKNOWN CLASS,NON DESIGNATED,CDC DOLLY,1258,2019
Saskatchewan,Barley,UNKNOWN CLASS,NON DESIGNATED,CDC MAVERICK,32969,2019
Saskatchewan,Barley,UNKNOWN CLASS,NON DESIGNATED,CDC MCGWIRE,2151,2019
Saskatchewan,Barley,UNKNOWN CLASS,NON DESIGNATED,CDC TREY,894,2019
Saskatchewan,Barley,UNKNOWN CLASS,NON DESIGNATED,CHAMPION,31286,2019
Saskatchewan,Barley,UNKNOWN CLASS,NON DESIGNATED,CLAYMORE,26618,2019
Saskatchewan,Barley,UNKNOWN CLASS,NON DESIGNATED,CONLON,8335,2019
Saskatchewan,Barley,UNKNOWN CLASS,NON DESIGNATED,OREANA,6867,2019
Saskatchewan,Barley,UNKNOWN CLASS,NON DESIGNATED,SUNDRE,2196,2019
Saskatchewan,Barley,UNKNOWN CLASS,NON DESIGNATED,XENA,6145,2019
Saskatchewan,Barley,UNKNOWN CLASS,NOT SPECIFIED,NOT SPECIFIED,246633,2019
Saskatchewan,Rye,,,DAKOTA,940,2019
Saskatchewan,Rye,,,DANKO,1085,2019
Saskatchewan,Rye,,,GAZELLE,838,2019
Saskatchewan,Rye,,,HAZLET,9041,2019
Saskatchewan,Rye,,,KWS BONO,5043,2019
Saskatchewan,Rye,,,PRIMA,715,2019
Saskatchewan,Rye,,NOT SPECIFIED,NOT SPECIFIED,8625,2019
Saskatchewan,Triticale,,,PRONGHORN,948,2019
Saskatchewan,Triticale,,,TYNDAL,862,2019
Saskatchewan,Triticale,,NOT SPECIFIED,NOT SPECIFIED,10113,2019
